{"SchemaVersion":1,"TemplateType":3,"CardTemplateId":"com.mawingu.downtime.2","BaseCardTemplateId":"com.mawingu.downtime","BaseCardTemplateVersion":2,"CardTemplateMinorVersion":5,"Name":"Device Downtime","Icon":"icon.png","Description":"Device downtime monitor display","ActionClassifications":"default","CardDataFile":"appModel.json_processed","VisibleInDrawer":true,"IsLocalised":0,"IsPinned":0,"IsInFocus":0,"ForTesting":0,"IsSearchable":0,"ActionScope":"Single","ConversationSelectionType":"UserSelected","ActionForwardPolicy":0,"Views":[{"ChatCanvasCardView":{"ShowResponseCount":1,"ViewType":"Html","ShowExpiry":0,"View":"chatCard.json","ContentSubTextField":"Expiry","ResponseQuestionId":-1,"ShowHeader":0,"ShowFooter":0,"IsResponseEditable":0,"ShowComments":0,"ShowReceipts":1,"ShowLikes":0}}]}